room;name;image
성수아파트;에어컨;"<i class=""fas fa-fan""></i>"
성수호텔;에어컨;"<i class=""fas fa-fan""></i>"
강남호텔;에어컨;"<i class=""fas fa-fan""></i>"
강남아파트;에어컨;"<i class=""fas fa-fan""></i>"
강남별채;에어컨;"<i class=""fas fa-fan""></i>"
이태원주택;에어컨;"<i class=""fas fa-fan""></i>"
이태원별채;에어컨;"<i class=""fas fa-fan""></i>"
이태원아파트;에어컨;"<i class=""fas fa-fan""></i>"
선릉위워크2호점;에어컨;"<i class=""fas fa-fan""></i>"
선릉호텔;에어컨;"<i class=""fas fa-fan""></i>"
선릉아파트;에어컨;"<i class=""fas fa-fan""></i>"
신촌호텔;에어컨;"<i class=""fas fa-fan""></i>"
신촌별채;에어컨;"<i class=""fas fa-fan""></i>"
신촌아파트;에어컨;"<i class=""fas fa-fan""></i>"
신림아파트;에어컨;"<i class=""fas fa-fan""></i>"
신림별채;에어컨;"<i class=""fas fa-fan""></i>"
신림주택;에어컨;"<i class=""fas fa-fan""></i>"
잠실아파트;에어컨;"<i class=""fas fa-fan""></i>"
잠실주택;에어컨;"<i class=""fas fa-fan""></i>"
잠실호텔;에어컨;"<i class=""fas fa-fan""></i>"
성수아파트;커피;"<i class=""fas fa-coffee""></i>"
성수호텔;커피;"<i class=""fas fa-coffee""></i>"
강남호텔;커피;"<i class=""fas fa-coffee""></i>"
강남아파트;커피;"<i class=""fas fa-coffee""></i>"
강남별채;커피;"<i class=""fas fa-coffee""></i>"
이태원주택;커피;"<i class=""fas fa-coffee""></i>"
이태원별채;커피;"<i class=""fas fa-coffee""></i>"
이태원아파트;커피;"<i class=""fas fa-coffee""></i>"
선릉위워크2호점;커피;"<i class=""fas fa-coffee""></i>"
선릉호텔;커피;"<i class=""fas fa-coffee""></i>"
선릉아파트;커피;"<i class=""fas fa-coffee""></i>"
신촌호텔;커피;"<i class=""fas fa-coffee""></i>"
신촌별채;커피;"<i class=""fas fa-coffee""></i>"
신촌아파트;커피;"<i class=""fas fa-coffee""></i>"
신림아파트;커피;"<i class=""fas fa-coffee""></i>"
신림별채;커피;"<i class=""fas fa-coffee""></i>"
신림주택;커피;"<i class=""fas fa-coffee""></i>"
잠실아파트;커피;"<i class=""fas fa-coffee""></i>"
잠실주택;커피;"<i class=""fas fa-coffee""></i>"
잠실호텔;커피;"<i class=""fas fa-coffee""></i>"
성수아파트;와이파이;"<i class=""fas fa-wifi""></i>"
성수호텔;와이파이;"<i class=""fas fa-wifi""></i>"
강남호텔;와이파이;"<i class=""fas fa-wifi""></i>"
강남아파트;와이파이;"<i class=""fas fa-wifi""></i>"
강남별채;와이파이;"<i class=""fas fa-wifi""></i>"
이태원주택;와이파이;"<i class=""fas fa-wifi""></i>"
이태원별채;와이파이;"<i class=""fas fa-wifi""></i>"
이태원아파트;와이파이;"<i class=""fas fa-wifi""></i>"
선릉위워크2호점;와이파이;"<i class=""fas fa-wifi""></i>"
선릉호텔;와이파이;"<i class=""fas fa-wifi""></i>"
선릉아파트;와이파이;"<i class=""fas fa-wifi""></i>"
신촌호텔;와이파이;"<i class=""fas fa-wifi""></i>"
신촌별채;와이파이;"<i class=""fas fa-wifi""></i>"
신촌아파트;와이파이;"<i class=""fas fa-wifi""></i>"
신림아파트;와이파이;"<i class=""fas fa-wifi""></i>"
신림별채;와이파이;"<i class=""fas fa-wifi""></i>"
신림주택;와이파이;"<i class=""fas fa-wifi""></i>"
잠실아파트;와이파이;"<i class=""fas fa-wifi""></i>"
잠실주택;와이파이;"<i class=""fas fa-wifi""></i>"
잠실호텔;와이파이;"<i class=""fas fa-wifi""></i>"
성수아파트;조리도구;"<i class=""fas fa-utensils""></i>"
성수호텔;조리도구;"<i class=""fas fa-utensils""></i>"
강남호텔;조리도구;"<i class=""fas fa-utensils""></i>"
강남아파트;조리도구;"<i class=""fas fa-utensils""></i>"
강남별채;조리도구;"<i class=""fas fa-utensils""></i>"
이태원주택;조리도구;"<i class=""fas fa-utensils""></i>"
이태원별채;조리도구;"<i class=""fas fa-utensils""></i>"
이태원아파트;조리도구;"<i class=""fas fa-utensils""></i>"
선릉위워크2호점;조리도구;"<i class=""fas fa-utensils""></i>"
선릉호텔;조리도구;"<i class=""fas fa-utensils""></i>"
선릉아파트;조리도구;"<i class=""fas fa-utensils""></i>"
신촌호텔;조리도구;"<i class=""fas fa-utensils""></i>"
신촌별채;조리도구;"<i class=""fas fa-utensils""></i>"
신촌아파트;조리도구;"<i class=""fas fa-utensils""></i>"
신림아파트;조리도구;"<i class=""fas fa-utensils""></i>"
신림별채;조리도구;"<i class=""fas fa-utensils""></i>"
신림주택;조리도구;"<i class=""fas fa-utensils""></i>"
잠실아파트;조리도구;"<i class=""fas fa-utensils""></i>"
잠실주택;조리도구;"<i class=""fas fa-utensils""></i>"
잠실호텔;조리도구;"<i class=""fas fa-utensils""></i>"
성수아파트;와인;"<i class=""fas fa-wine-bottle""></i>"
성수호텔;와인;"<i class=""fas fa-wine-bottle""></i>"
강남호텔;와인;"<i class=""fas fa-wine-bottle""></i>"
강남별채;와인;"<i class=""fas fa-wine-bottle""></i>"
이태원주택;와인;"<i class=""fas fa-wine-bottle""></i>"
이태원별채;와인;"<i class=""fas fa-wine-bottle""></i>"
이태원아파트;와인;"<i class=""fas fa-wine-bottle""></i>"
선릉위워크2호점;와인;"<i class=""fas fa-wine-bottle""></i>"
선릉호텔;와인;"<i class=""fas fa-wine-bottle""></i>"
신촌호텔;와인;"<i class=""fas fa-wine-bottle""></i>"
신촌별채;와인;"<i class=""fas fa-wine-bottle""></i>"
신촌아파트;와인;"<i class=""fas fa-wine-bottle""></i>"
신림아파트;와인;"<i class=""fas fa-wine-bottle""></i>"
신림별채;와인;"<i class=""fas fa-wine-bottle""></i>"
잠실아파트;와인;"<i class=""fas fa-wine-bottle""></i>"
잠실주택;와인;"<i class=""fas fa-wine-bottle""></i>"
성수아파트;비어;"<i class=""fas fa-beer""></i>"
강남호텔;비어;"<i class=""fas fa-beer""></i>"
강남아파트;비어;"<i class=""fas fa-beer""></i>"
강남별채;비어;"<i class=""fas fa-beer""></i>"
이태원별채;비어;"<i class=""fas fa-beer""></i>"
이태원아파트;비어;"<i class=""fas fa-beer""></i>"
선릉위워크2호점;비어;"<i class=""fas fa-beer""></i>"
선릉호텔;비어;"<i class=""fas fa-beer""></i>"
선릉아파트;비어;"<i class=""fas fa-beer""></i>"
신촌호텔;비어;"<i class=""fas fa-beer""></i>"
신촌아파트;비어;"<i class=""fas fa-beer""></i>"
신림아파트;비어;"<i class=""fas fa-beer""></i>"
신림별채;비어;"<i class=""fas fa-beer""></i>"
신림주택;비어;"<i class=""fas fa-beer""></i>"
잠실아파트;비어;"<i class=""fas fa-beer""></i>"
잠실주택;비어;"<i class=""fas fa-beer""></i>"
잠실호텔;비어;"<i class=""fas fa-beer""></i>"
성수아파트;위스키;"<i class=""fas fa-glass-whiskey""></i>"
성수호텔;위스키;"<i class=""fas fa-glass-whiskey""></i>"
강남호텔;위스키;"<i class=""fas fa-glass-whiskey""></i>"
강남별채;위스키;"<i class=""fas fa-glass-whiskey""></i>"
이태원주택;위스키;"<i class=""fas fa-glass-whiskey""></i>"
이태원별채;위스키;"<i class=""fas fa-glass-whiskey""></i>"
이태원아파트;위스키;"<i class=""fas fa-glass-whiskey""></i>"
선릉호텔;위스키;"<i class=""fas fa-glass-whiskey""></i>"
선릉아파트;위스키;"<i class=""fas fa-glass-whiskey""></i>"
신촌호텔;위스키;"<i class=""fas fa-glass-whiskey""></i>"
신촌별채;위스키;"<i class=""fas fa-glass-whiskey""></i>"
신림아파트;위스키;"<i class=""fas fa-glass-whiskey""></i>"
신림주택;위스키;"<i class=""fas fa-glass-whiskey""></i>"
잠실아파트;위스키;"<i class=""fas fa-glass-whiskey""></i>"
잠실주택;위스키;"<i class=""fas fa-glass-whiskey""></i>"
잠실호텔;위스키;"<i class=""fas fa-glass-whiskey""></i>"
성수아파트;칵테일;"<i class=""fas fa-glass-martini-alt""></i>"
성수호텔;칵테일;"<i class=""fas fa-glass-martini-alt""></i>"
강남아파트;칵테일;"<i class=""fas fa-glass-martini-alt""></i>"
강남별채;칵테일;"<i class=""fas fa-glass-martini-alt""></i>"
이태원주택;칵테일;"<i class=""fas fa-glass-martini-alt""></i>"
이태원아파트;칵테일;"<i class=""fas fa-glass-martini-alt""></i>"
선릉위워크2호점;칵테일;"<i class=""fas fa-glass-martini-alt""></i>"
선릉호텔;칵테일;"<i class=""fas fa-glass-martini-alt""></i>"
신촌호텔;칵테일;"<i class=""fas fa-glass-martini-alt""></i>"
신촌별채;칵테일;"<i class=""fas fa-glass-martini-alt""></i>"
신촌아파트;칵테일;"<i class=""fas fa-glass-martini-alt""></i>"
신림아파트;칵테일;"<i class=""fas fa-glass-martini-alt""></i>"
신림별채;칵테일;"<i class=""fas fa-glass-martini-alt""></i>"
잠실아파트;칵테일;"<i class=""fas fa-glass-martini-alt""></i>"
잠실호텔;칵테일;"<i class=""fas fa-glass-martini-alt""></i>"